# Machine-readable half of docs/GLOSSARY.md, read by scripts/ontology_census.py.
# Columns (TAB-separated): entry, kind, ratchet, scope, name, regex.
#   kind     canonical | alias (ratcheted) | pending (planned rename; reported) | homonym (reported)
#   ratchet  distinct (count of different identifiers) | occ (occurrences) | - (never enforced)
#   scope    regex over the repo-relative path, or * for every file under crates/
# Regexes are Python `re`; comments (// ...) are stripped before matching.
entry	kind	ratchet	scope	name	regex
# ---- model (anchored to the reference inference/model.py) ----
drafter	canonical	-	*	drafter / dspark	\b\w*(?:drafter|Drafter|DRAFTER|dspark|Dspark|DSpark|DSPARK)\w*\b
drafter	alias	distinct	*	mtp	\b\w*(?:mtp|Mtp|MTP)\w*\b
indexer	canonical	-	*	V41_INDEXER_*	\bV41_INDEXER_\w+
indexer	alias	distinct	*	V41_INDEX_* / V41_IDX_*	\bV41_(?:INDEX|IDX)_\w+
raw window	canonical	-	*	raw window	\b\w*(?:raw_window|RawWindow)\w*\b
raw window	alias	distinct	*	decoder ring (a decoder layer's raw window)	\b\w*(?:decoder_rings?|DecoderRings?)\w*\b
dtype	pending	-	*	GgufType (the dtype enum of a safetensors model)	\bGgufType\b
# ---- work: request, stream, row, step ----
request	canonical	-	*	RequestId	\b(?:RequestId|request_id)\b
stream	canonical	-	*	StreamId	\b(?:StreamId|stream_id)\w*\b
stream	alias	distinct	kv_arena\.rs|multistream\.rs|ms_dspark\.rs|step_rows\.rs|spec_sample\.rs	slot (as stream id or append row, scheduler/arena files)	\b\w*(?:slot|Slot|SLOT)\w*\b
step	alias	occ	*	request shape as a literal (b > 16, prefill_shaped)	\bprefill_shaped\b|\bb\s*>\s*16\b
step	canonical	-	*	RequestShape	\bRequestShape\b
batched layer	alias	distinct	*	_v2 with no v1	\b\w+_v2\b
lane	canonical	-	*	LaneCtl / LanePlan	\b(?:LaneCtl|LanePlan)\b
lane	alias	distinct	*	lane by letter or t1/t2	\b(?:sync_events_t[12]|bd_[abc])\b
# ---- placement: which box / device computes a pick ----
placement	canonical	-	*	advertises / accepts / home / PlacedPicks	\b(?:advertises|accepts|home_of|PlacedPicks)\b
placement	alias	distinct	*	owns	\b(?:\w+_)?owns(?:_\w+)?\b
placement	alias	distinct	*	T2 (tier 2 = box 2)	\b(?:V41_T2_\w+|t2_partition\w*|T2_\w+)\b
placement	alias	distinct	*	partition_box2	\b\w*partition_box2\w*\b
machines	pending	-	*	het (engine module / types)	\b(?:Het[A-Z]\w*|het::\w+)\b
# ---- residency: where expert weights live ----
residency	canonical	-	*	ExpertKey	\bExpertKey\b
residency	canonical	-	*	Remap	\bRemap\b
residency	canonical	-	*	span read	\b\w*(?:span_read|SpanRead)\w*\b
residency	alias	distinct	*	coalesce (= span read)	\b\w*(?:coalesce|Coalesce|COALESCE)\w*\b
residency	alias	distinct	*	pins meaning evict-protect	\b(?:parked_pins|ExtraPins|cur_pins)\b
# ---- configuration ----
knobs	canonical	-	*	registry knob	Knob::\w+\(\s*"\w+"
knobs	alias	distinct	*	raw env read of a V41_ knob	env::var(?:_os)?\(\s*"V41_\w+"
knobs	alias	occ	*	env .is_ok() used as a boolean	env::var(?:_os)?\(\s*"\w+"\s*\)\s*\.is_ok\(\)
# ---- names that record history ----
history	pending	-	*	v4flash crate names	\bv4flash[_-]\w+
history	alias	distinct	*	milestone code inside an identifier	\b\w*_(?:M[0-9]{2}|S2|G5[a-z])(?:_\w*)?\b
# ---- homonyms (reported, never enforced; the glossary says which sense is canonical) ----
homonyms	homonym	-	*	slot	\b\w*(?:slot|Slot|SLOT)\w*\b
homonyms	homonym	-	*	stream	\b\w*(?:stream|Stream|STREAM)\w*\b
homonyms	homonym	-	*	seq	\bseq\b
homonyms	homonym	-	*	ring	\b(?:\w+_)?(?:ring|rings|RING|RINGS)(?:_\w+)?\b|\b\w*Rings?[A-Z]?\w*\b
homonyms	homonym	-	*	prefill	\b\w*(?:prefill|Prefill|PREFILL)\w*\b
homonyms	homonym	-	*	phase	\b\w*(?:phase|Phase|PHASE)\w*\b
homonyms	homonym	-	*	pin	\b(?:\w+_)?(?:pin|pins|pinned|PIN|PINS|PINNED)(?:_\w+)?\b|\b\w*(?:Pin|Pinned)[A-Z]\w*\b
homonyms	homonym	-	*	mirror	\b\w*(?:mirror|Mirror|MIRROR)\w*\b
homonyms	homonym	-	*	hot	\b(?:\w+_)?(?:hot|HOT)(?:_\w+)?\b|\bHot[A-Z]\w*\b
homonyms	homonym	-	*	split	\b(?!(?:split|split_at\w*|split_whitespace|split_once|split_off|splitn|rsplit\w*|split_terminator|split_inclusive)\b)\w*(?:split|Split|SPLIT)\w*\b
homonyms	homonym	-	*	window	\b\w*(?:window|Window|WINDOW)\w*\b
homonyms	homonym	-	*	chunk	\b(?!(?:chunks|chunks_exact|chunks_exact_mut|chunks_mut|rchunks\w*)\b)\w*(?:chunk|Chunk|CHUNK)\w*\b
homonyms	homonym	-	*	admit	\b\w*(?:admit|Admit|ADMIT)\w*\b
homonyms	homonym	-	*	restore	\b\w*(?:restore|Restore|RESTORE)\w*\b
homonyms	homonym	-	*	remote	\b\w*(?:remote|Remote|REMOTE)\w*\b
homonyms	homonym	-	*	prefetch	\b\w*(?:prefetch|Prefetch|PREFETCH)\w*\b
